Workbook

Sheet Hoja1
A1: COD. OFIC. | B1: OFICINA | C1: DIVISIÓN | D1: DEPARTAMENTO | E1: PROVINCIA | F1: DISTRITO | G1: LATITUD | H1: LONGITUD | I1: ESTRUCTURA AS | J1: TRX | K1: ESTRUCTURA EBP | L1: ESTRUCTURA AD | M1: CLIENTES UNICOS | N1: TOTAL_TICKETS | O1: RED LINES
A2: 10 | B2: ANDAHUAYLAS | C2: CUSCO | D2: APURIMAC | E2: ANDAHUAYLAS | F2: ANDAHUAYLAS | G2: -13.656519 | H2: -73.382973 | I2: 3 | J2: 5600 | K2: 1 | L2: 1 | M2: =IFERROR(VLOOKUP(A2,Hoja2!$A$2:$C$264,2,FALSE),0) -> 865.77778 | N2: =IFERROR(VLOOKUP(A2,Hoja2!$A$2:$C$264,3,FALSE),0) -> 6519 | O2: 0.84243333
A3: 13 | B3: PASEO DE LA CASTELLANA | C3: SURCO | D3: LIMA | E3: LIMA | F3: SANTIAGO DE SURCO | G3: -12.129631 | H3: -77.001194 | I3: 3 | J3: 4266.6667 | K3: 2 | L3: 1 | M3: =IFERROR(VLOOKUP(A3,Hoja2!$A$2:$C$264,2,FALSE),0) -> 875.81818 | N3: =IFERROR(VLOOKUP(A3,Hoja2!$A$2:$C$264,3,FALSE),0) -> 5142.5 | O3: 0.74933333
A4: 23 | B4: ÓVALO QUIÑONEZ | C4: SURCO | D4: LIMA | E4: LIMA | F4: SAN BORJA | G4: -12.098301 | H4: -77.011779 | I4: 3 | J4: 4374.6667 | K4: 2 | L4: 1 | M4: =IFERROR(VLOOKUP(A4,Hoja2!$A$2:$C$264,2,FALSE),0) -> 701.4 | N4: =IFERROR(VLOOKUP(A4,Hoja2!$A$2:$C$264,3,FALSE),0) -> 4750 | O4: 0.96423333
A5: 30 | B5: OVALO LARCO TRUJILLO | C5: TRUJILLO | D5: LA LIBERTAD | E5: TRUJILLO | F5: TRUJILLO | G5: -8.123955 | H5: -79.038778 | I5: 3 | J5: 4625.6667 | K5: 1 | L5: 1 | M5: =IFERROR(VLOOKUP(A5,Hoja2!$A$2:$C$264,2,FALSE),0) -> 864.5 | N5: =IFERROR(VLOOKUP(A5,Hoja2!$A$2:$C$264,3,FALSE),0) -> 4294.5 | O5: 0.811
A6: 38 | B6: MANTAS | C6: CUSCO | D6: CUSCO | E6: CUSCO | F6: CUSCO | G6: -13.517730 | H6: -71.979006 | I6: 1 | J6: 1707.6667 | K6: 0 | L6: 1 | M6: =IFERROR(VLOOKUP(A6,Hoja2!$A$2:$C$264,2,FALSE),0) -> 77.571429 | N6: =IFERROR(VLOOKUP(A6,Hoja2!$A$2:$C$264,3,FALSE),0) -> 399 | O6: 0.9071
A7: 48 | B7: MEGA EXPRESS VILLA EL SALVADOR | C7: LIMA SUR | D7: LIMA | E7: LIMA | F7: VILLA EL SALVADOR | G7: -12.230872 | H7: -76.910303 | I7: 3 | J7: 3228 | K7: 1 | L7: 0 | M7: =IFERROR(VLOOKUP(A7,Hoja2!$A$2:$C$264,2,FALSE),0) -> 862 | N7: =IFERROR(VLOOKUP(A7,Hoja2!$A$2:$C$264,3,FALSE),0) -> 4689.5 | O7: 0.79233333
A8: 81 | B8: BAGUA GRANDE | C8: CHICLAYO PIURA | D8: AMAZONAS | E8: UTCUBAMBA | F8: BAGUA GRANDE | G8: -5.755656 | H8: -78.442895 | I8: 3 | J8: 4427.3333 | K8: 1 | L8: 0 | M8: =IFERROR(VLOOKUP(A8,Hoja2!$A$2:$C$264,2,FALSE),0) -> 679.75 | N8: =IFERROR(VLOOKUP(A8,Hoja2!$A$2:$C$264,3,FALSE),0) -> 4191 | O8: 0.73566667
A9: 83 | B9: REAL PLAZA CUSCO | C9: CUSCO | D9: CUSCO | E9: CUSCO | F9: CUSCO | G9: -13.522402 | H9: -71.950528 | I9: 4 | J9: 5507.3333 | K9: 2 | L9: 1 | M9: =IFERROR(VLOOKUP(A9,Hoja2!$A$2:$C$264,2,FALSE),0) -> 1131.4 | N9: =IFERROR(VLOOKUP(A9,Hoja2!$A$2:$C$264,3,FALSE),0) -> 6708.5 | O9: 0.67433333
A10: 94 | B10: REAL PLAZA SALAVERRY | C10: LA VICTORIA LINCE | D10: LIMA | E10: LIMA | F10: JESUS MARIA | G10: -12.089262 | H10: -77.051761 | I10: 3 | J10: 4448.6667 | K10: 2 | L10: 1 | M10: =IFERROR(VLOOKUP(A10,Hoja2!$A$2:$C$264,2,FALSE),0) -> 1314.2 | N10: =IFERROR(VLOOKUP(A10,Hoja2!$A$2:$C$264,3,FALSE),0) -> 6900.25 | O10: 0.71863333
A11: 101 | B11: CAMANA | C11: LIMA CENTRO | D11: LIMA | E11: LIMA | F11: LIMA | G11: -12.048172 | H11: -77.034275 | I11: 4 | J11: 5450.6667 | K11: 2 | L11: 2 | M11: =IFERROR(VLOOKUP(A11,Hoja2!$A$2:$C$264,2,FALSE),0) -> 1276.6 | N11: =IFERROR(VLOOKUP(A11,Hoja2!$A$2:$C$264,3,FALSE),0) -> 6859.5 | O11: 0.75613333
A12: 102 | B12: CALLAO | C12: CALLAO SAN MIGUEL | D12: LIMA | E12: LIMA | F12: CALLAO | G12: -12.061054 | H12: -77.144352 | I12: 4 | J12: 4214 | K12: 2 | L12: 1 | M12: =IFERROR(VLOOKUP(A12,Hoja2!$A$2:$C$264,2,FALSE),0) -> 1385.4444 | N12: =IFERROR(VLOOKUP(A12,Hoja2!$A$2:$C$264,3,FALSE),0) -> 7590.75 | O12: 0.7057
A13: 103 | B13: CAPON | C13: LIMA CENTRO | D13: LIMA | E13: LIMA | F13: LIMA | G13: -12.051130 | H13: -77.025334 | I13: 5 | J13: 5819.6667 | K13: 2 | L13: 2 | M13: =IFERROR(VLOOKUP(A13,Hoja2!$A$2:$C$264,2,FALSE),0) -> 921.3 | N13: =IFERROR(VLOOKUP(A13,Hoja2!$A$2:$C$264,3,FALSE),0) -> 5469.5 | O13: 0.7242
... A271: 982 | B271: OPEN PLAZA PUCALLPA | C271: SAN MARTÍN | D271: UCAYALI | E271: CORONEL PORTILLO | F271: YARINACOCHA | G271: -8.388183 | H271: -74.566491 | I271: 4 | J271: 5769.6667 | K271: 1 | L271: 1 | M271: =IFERROR(VLOOKUP(A271,Hoja2!$A$2:$C$264,2,FALSE),0) -> 752.88889 | N271: =IFERROR(VLOOKUP(A271,Hoja2!$A$2:$C$264,3,FALSE),0) -> 5820.75 | O271: 0.78956667

Sheet Hoja2
A1: OFICINA | B1: CLIENTES_UNICOS | C1: TICKETS
A2: 10 | B2: 865.77778 | C2: 6519
A3: 12 | B3: 4.6 | C3: 78
A4: 13 | B4: 875.81818 | C4: 5142.5
A5: 23 | B5: 701.4 | C5: 4750
A6: 30 | B6: 864.5 | C6: 4294.5
A7: 38 | B7: 77.571429 | C7: 399
A8: 48 | B8: 862 | C8: 4689.5
A9: 81 | B9: 679.75 | C9: 4191
A10: 83 | B10: 1131.4 | C10: 6708.5
A11: 94 | B11: 1314.2 | C11: 6900.25
A12: 101 | B12: 1276.6 | C12: 6859.5
A13: 102 | B13: 1385.4444 | C13: 7590.75
... A264: 2002 | B264: 6.5 | C264: 14.25
